image_id,image_file,model,prompt,temperature,run_number,attempts,timestamp_utc,generation_time_seconds,output,status
test_001,test_001.png,nvidia/nemotron-3-nano-omni-30b-a3b-reasoning:free,Describe this image in one sentence.,0.7,1,1,2026-08-31T16:24:59.342661+00:00,7.15,A brown dog runs across a sunlit grassy field dotted with yellow flowers.,success
test_001,test_001.png,nvidia/nemotron-3-nano-omni-30b-a3b-reasoning:free,Describe this image in one sentence.,0.7,2,1,2026-08-31T16:25:05.883907+00:00,6.533,A brown dog is running joyfully across a grassy field scattered with yellow flowers.,success
test_001,test_001.png,nvidia/nemotron-3-nano-omni-30b-a3b-reasoning:free,Describe this image in one sentence.,0.7,3,1,2026-08-31T16:25:14.170798+00:00,8.281,A brown dog runs through a green field scattered with yellow flowers.,success
test_001,test_001.png,nvidia/nemotron-3-nano-omni-30b-a3b-reasoning:free,Describe this image in one sentence.,0.7,4,1,2026-08-31T16:25:18.486337+00:00,4.31,A brown dog runs joyfully through a green field scattered with yellow flowers.,success
test_001,test_001.png,nvidia/nemotron-3-nano-omni-30b-a3b-reasoning:free,Describe this image in one sentence.,0.7,5,1,2026-08-31T16:25:24.228329+00:00,5.737,A tan dog runs across a green field dotted with yellow flowers.,success
test_001,test_001.png,nvidia/nemotron-3-nano-omni-30b-a3b-reasoning:free,Describe this image in one sentence.,0.7,6,2,2026-08-31T16:25:42.862422+00:00,18.628,A brown dog runs across a green field dotted with yellow flowers.,success
test_001,test_001.png,nvidia/nemotron-3-nano-omni-30b-a3b-reasoning:free,Describe this image in one sentence.,0.7,7,1,2026-08-31T16:25:55.124104+00:00,12.257,A brown dog runs through a green field filled with yellow flowers.,success
test_001,test_001.png,nvidia/nemotron-3-nano-omni-30b-a3b-reasoning:free,Describe this image in one sentence.,0.7,8,1,2026-08-31T16:26:00.472069+00:00,5.341,A brown dog runs across a green field scattered with yellow flowers.,success
test_001,test_001.png,nvidia/nemotron-3-nano-omni-30b-a3b-reasoning:free,Describe this image in one sentence.,0.7,9,1,2026-08-31T16:26:08.519956+00:00,8.043,"A brown dog runs across a sunny, green field scattered with yellow dandelions.",success
test_001,test_001.png,nvidia/nemotron-3-nano-omni-30b-a3b-reasoning:free,Describe this image in one sentence.,0.7,10,1,2026-08-31T16:26:17.217160+00:00,8.689,A brown dog runs through a sunlit grassy field dotted with yellow flowers.,success
test_002,test_002.png,nvidia/nemotron-3-nano-omni-30b-a3b-reasoning:free,Describe this image in one sentence.,0.7,1,1,2026-08-31T16:26:38.147633+00:00,20.926,"A picturesque log cabin sits on the edge of a calm lake, reflecting the majestic snow-capped mountain and forested hills under a soft, cloudy sky.",success
test_002,test_002.png,nvidia/nemotron-3-nano-omni-30b-a3b-reasoning:free,Describe this image in one sentence.,0.7,2,3,2026-08-31T16:27:04.400005+00:00,26.248,"A rustic wooden cabin with a yellow door sits on a small rocky platform in a calm lake, its reflection mirroring the majestic snow-capped mountains and evergreen forest under a partly cloudy sky.",success
test_002,test_002.png,nvidia/nemotron-3-nano-omni-30b-a3b-reasoning:free,Describe this image in one sentence.,0.7,3,3,2026-08-31T16:27:20.287701+00:00,15.882,"A wooden log cabin sits on a snowy shore beside a calm lake, its reflection mirrored in the water with a majestic, snow-capped mountain rising in the background.",success
test_002,test_002.png,nvidia/nemotron-3-nano-omni-30b-a3b-reasoning:free,Describe this image in one sentence.,0.7,4,1,2026-08-31T16:27:26.443756+00:00,6.149,"A picturesque log cabin sits on the edge of a tranquil lake, its reflection clearly mirrored in the water with a majestic snow-capped mountain looming in the background under a partly cloudy sky.",success
test_002,test_002.png,nvidia/nemotron-3-nano-omni-30b-a3b-reasoning:free,Describe this image in one sentence.,0.7,5,1,2026-08-31T16:27:33.205914+00:00,6.756,"A tranquil log cabin sits on the snowy edge of a calm lake, perfectly reflecting the majestic snow-capped mountain and dense pine forest behind it.",success
test_002,test_002.png,nvidia/nemotron-3-nano-omni-30b-a3b-reasoning:free,Describe this image in one sentence.,0.7,6,1,2026-08-31T16:27:49.831446+00:00,16.608,"A rustic log cabin sits on the snowy shore of a calm lake, its reflection perfectly mirrored in the water, with a majestic snow-capped mountain rising in the background under a blue sky with golden clouds.",success
test_002,test_002.png,nvidia/nemotron-3-nano-omni-30b-a3b-reasoning:free,Describe this image in one sentence.,0.7,7,1,2026-08-31T16:28:05.674560+00:00,15.836,"A rustic log cabin sits on the snowy edge of a calm lake, its reflection mirrored perfectly in the water with a majestic, snow-capped mountain rising in the background.",success
test_002,test_002.png,nvidia/nemotron-3-nano-omni-30b-a3b-reasoning:free,Describe this image in one sentence.,0.7,8,1,2026-08-31T16:28:31.864282+00:00,26.184,"A wooden log cabin sits on the edge of a calm lake, its reflection perfectly mirrored in the water, with a majestic snow-capped mountain and evergreen forest in the background.",success
test_002,test_002.png,nvidia/nemotron-3-nano-omni-30b-a3b-reasoning:free,Describe this image in one sentence.,0.7,9,1,2026-08-31T16:28:57.143739+00:00,25.272,"A wooden cabin sits on the edge of a calm lake, reflecting in the water with a majestic snow-capped mountain rising in the background.",success
test_002,test_002.png,nvidia/nemotron-3-nano-omni-30b-a3b-reasoning:free,Describe this image in one sentence.,0.7,10,1,2026-08-31T16:29:14.809021+00:00,17.661,"A rustic log cabin sits on the snowy edge of a calm lake, its reflection mirroring the majestic, snow-capped mountains and the golden-hued sky.",success
